baseline,treatment,metric,n_pairs,mean_delta,ci95_low,ci95_high,cohens_d,fraction_improved
raw,combined_repair,selected_real_utility,320,0.0059377122012985025,0.004051713336424864,0.007941017731823149,0.3303220891375589,0.2875
raw,adaptive_gate,selected_real_utility,320,0.0070089879759587,0.005287485616096714,0.008930559116783959,0.4155698423669447,0.2875
raw,oracle,selected_real_utility,320,0.010906375800308163,0.009053614711091612,0.013139907969940743,0.580663015510335,0.534375
raw,combined_repair,oracle_regret,320,-0.0059377122012985025,-0.008112350161060558,-0.004122018068274853,-0.3303220891375589,0.084375
raw,adaptive_gate,oracle_regret,320,-0.0070089879759587,-0.008942206894976207,-0.005395436267382536,-0.4155698423669447,0.0
