heldout_family,stress_cells,raw_positive_regret_cells,adaptive_nonworse_cells,mean_raw_oracle_regret,mean_adaptive_regret_reduction
chain,15,12,15,0.01666243554241973,0.009711057612100657
clustered,15,12,15,0.014014869073051711,0.01072661836341781
grid,15,11,15,0.005853816456722566,0.0027162240560968283
random_geometric,15,12,15,0.01035054365747452,0.008089112924382361
ring_chord,15,13,15,0.009490237783314717,0.005234304930290697
