{
  "all_adaptive_ci_high": 0.008930559116783959,
  "all_adaptive_ci_low": 0.005287485616096714,
  "all_adaptive_gain": 0.0070089879759587,
  "artifact_files": 60,
  "claim_map_entries": 10,
  "combined_repair_gain": 0.0059377122012985025,
  "conditions": 80,
  "exact_law_mean_absolute_error": 0.0013411999207230887,
  "exact_law_rows": 140,
  "families": 5,
  "hard_adaptive_ci_high": 0.018119609665175052,
  "hard_adaptive_ci_low": 0.011194679545615097,
  "hard_adaptive_gain": 0.01446729200886622,
  "hard_high_n_cases": 155,
  "hidden_failures": 5,
  "learned_lite_ran": true,
  "learned_raw_rank": 0.7564939260631044,
  "learned_safe_gap_closed": 0.5877721836857546,
  "learned_safe_negative_delta_rate": 0.02666666666666667,
  "learned_utility_rank": 0.9320148641282493,
  "main_rows": 5600,
  "seed_rows": 22400,
  "supported_claims": 6,
  "unsupported_boundaries": 4,
  "v3_figures": 6
}
